horizon,horizon_role,name,strategy,condition_mode,threshold_mode,min_precision,threshold,pr_auc,roc_auc,precision,recall,f1,cv_roc_auc_mean,cv_pr_auc_mean,tn,fp,fn,tp,n_train,n_test,pos_train,pos_test
24,operational,LogisticRegression,class_weight=balanced,all,max_recall_min_precision,0.3,0.6103815768182336,0.41883836282686654,0.9466775211152946,0.3037974683544304,0.7741935483870968,0.43636363636363634,0.9168243719764801,0.46251590007052606,579,55,7,24,2657,665,178,31
48,operational,RidgeClassifier,calibrated+balanced,all,max_recall_min_precision,0.3,0.15335359355469275,0.21644464845408068,0.8863844510023404,0.25862068965517243,0.4838709677419355,0.33707865168539325,0.8557636096322409,0.2545854300427592,591,43,16,15,2657,665,178,31
72,exploratory,HistGradientBoosting,default,all,max_recall_min_precision,0.3,0.005340108526886,0.13307899964078343,0.8380482344560903,0.12953367875647667,0.8064516129032258,0.22321428571428573,0.7969738083284218,0.16965312962660115,466,168,6,25,2657,665,177,31
